name,sounding_cm,ullage_cm,trim,heel,volume_m3,correction_m3
Sewage_Holding_Tank,cm,cm,-6,nan,m3,nan
Sewage_Holding_Tank,cm,cm,-4,nan,m3,nan
Sewage_Holding_Tank,cm,cm,-3,nan,m3,nan
Sewage_Holding_Tank,cm,cm,-2,nan,m3,nan
Sewage_Holding_Tank,cm,cm,-1,nan,m3,nan
Sewage_Holding_Tank,cm,cm,0,nan,m3,nan
Sewage_Holding_Tank,cm,cm,1,nan,m3,nan
Sewage_Holding_Tank,cm,cm,2,nan,m3,nan
Sewage_Holding_Tank,cm,cm,nan,P2,nan,m3
Sewage_Holding_Tank,cm,cm,nan,P1,nan,m3
Sewage_Holding_Tank,cm,cm,nan,S-1,nan,m3
Sewage_Holding_Tank,cm,cm,nan,S-2,nan,m3
Sewage_Holding_Tank,0,450,-6,nan,0.0,nan
Sewage_Holding_Tank,0,450,-4,nan,0.0,nan
Sewage_Holding_Tank,0,450,-3,nan,0.0,nan
Sewage_Holding_Tank,0,450,-2,nan,0.0,nan
Sewage_Holding_Tank,0,450,-1,nan,0.0,nan
Sewage_Holding_Tank,0,450,0,nan,0.0,nan
Sewage_Holding_Tank,0,450,1,nan,0.0,nan
Sewage_Holding_Tank,0,450,2,nan,0.0,nan
Sewage_Holding_Tank,0,450,nan,P2,nan,0.0
Sewage_Holding_Tank,0,450,nan,P1,nan,0.0
Sewage_Holding_Tank,0,450,nan,S-1,nan,0.0
Sewage_Holding_Tank,0,450,nan,S-2,nan,0.0
Sewage_Holding_Tank,5,445,-6,nan,0.1,nan
Sewage_Holding_Tank,5,445,-4,nan,0.1,nan
Sewage_Holding_Tank,5,445,-3,nan,0.1,nan
Sewage_Holding_Tank,5,445,-2,nan,0.1,nan
Sewage_Holding_Tank,5,445,-1,nan,0.1,nan
Sewage_Holding_Tank,5,445,0,nan,0.1,nan
Sewage_Holding_Tank,5,445,1,nan,0.1,nan
Sewage_Holding_Tank,5,445,2,nan,0.1,nan
Sewage_Holding_Tank,5,445,nan,P2,nan,0.0
Sewage_Holding_Tank,5,445,nan,P1,nan,0.0
Sewage_Holding_Tank,5,445,nan,S-1,nan,0.0
Sewage_Holding_Tank,5,445,nan,S-2,nan,0.0
Sewage_Holding_Tank,10,440,-6,nan,0.3,nan
Sewage_Holding_Tank,10,440,-4,nan,0.3,nan
Sewage_Holding_Tank,10,440,-3,nan,0.3,nan
Sewage_Holding_Tank,10,440,-2,nan,0.3,nan
Sewage_Holding_Tank,10,440,-1,nan,0.3,nan
Sewage_Holding_Tank,10,440,0,nan,0.3,nan
Sewage_Holding_Tank,10,440,1,nan,0.3,nan
Sewage_Holding_Tank,10,440,2,nan,0.3,nan
Sewage_Holding_Tank,10,440,nan,P2,nan,0.0
Sewage_Holding_Tank,10,440,nan,P1,nan,0.0
Sewage_Holding_Tank,10,440,nan,S-1,nan,0.0
Sewage_Holding_Tank,10,440,nan,S-2,nan,0.0
Sewage_Holding_Tank,15,435,-6,nan,0.5,nan
Sewage_Holding_Tank,15,435,-4,nan,0.5,nan
Sewage_Holding_Tank,15,435,-3,nan,0.5,nan
Sewage_Holding_Tank,15,435,-2,nan,0.5,nan
Sewage_Holding_Tank,15,435,-1,nan,0.5,nan
Sewage_Holding_Tank,15,435,0,nan,0.5,nan
Sewage_Holding_Tank,15,435,1,nan,0.5,nan
Sewage_Holding_Tank,15,435,2,nan,0.5,nan
Sewage_Holding_Tank,15,435,nan,P2,nan,0.0
Sewage_Holding_Tank,15,435,nan,P1,nan,0.0
Sewage_Holding_Tank,15,435,nan,S-1,nan,0.0
Sewage_Holding_Tank,15,435,nan,S-2,nan,0.0
Sewage_Holding_Tank,20,430,-6,nan,0.7,nan
Sewage_Holding_Tank,20,430,-4,nan,0.7,nan
Sewage_Holding_Tank,20,430,-3,nan,0.7,nan
Sewage_Holding_Tank,20,430,-2,nan,0.7,nan
Sewage_Holding_Tank,20,430,-1,nan,0.7,nan
Sewage_Holding_Tank,20,430,0,nan,0.7,nan
Sewage_Holding_Tank,20,430,1,nan,0.7,nan
Sewage_Holding_Tank,20,430,2,nan,0.7,nan
Sewage_Holding_Tank,20,430,nan,P2,nan,0.0
Sewage_Holding_Tank,20,430,nan,P1,nan,0.0
Sewage_Holding_Tank,20,430,nan,S-1,nan,0.0
Sewage_Holding_Tank,20,430,nan,S-2,nan,0.0
Sewage_Holding_Tank,25,425,-6,nan,0.9,nan
Sewage_Holding_Tank,25,425,-4,nan,0.9,nan
Sewage_Holding_Tank,25,425,-3,nan,0.9,nan
Sewage_Holding_Tank,25,425,-2,nan,0.9,nan
Sewage_Holding_Tank,25,425,-1,nan,0.9,nan
Sewage_Holding_Tank,25,425,0,nan,0.9,nan
Sewage_Holding_Tank,25,425,1,nan,0.9,nan
Sewage_Holding_Tank,25,425,2,nan,0.9,nan
Sewage_Holding_Tank,25,425,nan,P2,nan,0.0
Sewage_Holding_Tank,25,425,nan,P1,nan,0.0
Sewage_Holding_Tank,25,425,nan,S-1,nan,0.0
Sewage_Holding_Tank,25,425,nan,S-2,nan,0.0
Sewage_Holding_Tank,30,420,-6,nan,1.1,nan
Sewage_Holding_Tank,30,420,-4,nan,1.1,nan
Sewage_Holding_Tank,30,420,-3,nan,1.1,nan
Sewage_Holding_Tank,30,420,-2,nan,1.1,nan
Sewage_Holding_Tank,30,420,-1,nan,1.1,nan
Sewage_Holding_Tank,30,420,0,nan,1.1,nan
Sewage_Holding_Tank,30,420,1,nan,1.1,nan
Sewage_Holding_Tank,30,420,2,nan,1.1,nan
Sewage_Holding_Tank,30,420,nan,P2,nan,0.0
Sewage_Holding_Tank,30,420,nan,P1,nan,0.0
Sewage_Holding_Tank,30,420,nan,S-1,nan,0.0
Sewage_Holding_Tank,30,420,nan,S-2,nan,0.0
Sewage_Holding_Tank,35,415,-6,nan,1.3,nan
Sewage_Holding_Tank,35,415,-4,nan,1.3,nan
Sewage_Holding_Tank,35,415,-3,nan,1.3,nan
Sewage_Holding_Tank,35,415,-2,nan,1.3,nan
Sewage_Holding_Tank,35,415,-1,nan,1.3,nan
Sewage_Holding_Tank,35,415,0,nan,1.3,nan
Sewage_Holding_Tank,35,415,1,nan,1.3,nan
Sewage_Holding_Tank,35,415,2,nan,1.3,nan
Sewage_Holding_Tank,35,415,nan,P2,nan,0.0
Sewage_Holding_Tank,35,415,nan,P1,nan,0.0
Sewage_Holding_Tank,35,415,nan,S-1,nan,0.0
Sewage_Holding_Tank,35,415,nan,S-2,nan,0.0
Sewage_Holding_Tank,40,410,-6,nan,1.5,nan
Sewage_Holding_Tank,40,410,-4,nan,1.5,nan
Sewage_Holding_Tank,40,410,-3,nan,1.5,nan
Sewage_Holding_Tank,40,410,-2,nan,1.5,nan
Sewage_Holding_Tank,40,410,-1,nan,1.5,nan
Sewage_Holding_Tank,40,410,0,nan,1.5,nan
Sewage_Holding_Tank,40,410,1,nan,1.5,nan
Sewage_Holding_Tank,40,410,2,nan,1.5,nan
Sewage_Holding_Tank,40,410,nan,P2,nan,0.0
Sewage_Holding_Tank,40,410,nan,P1,nan,0.0
Sewage_Holding_Tank,40,410,nan,S-1,nan,0.0
Sewage_Holding_Tank,40,410,nan,S-2,nan,0.0
Sewage_Holding_Tank,45,405,-6,nan,1.7,nan
Sewage_Holding_Tank,45,405,-4,nan,1.7,nan
Sewage_Holding_Tank,45,405,-3,nan,1.7,nan
Sewage_Holding_Tank,45,405,-2,nan,1.7,nan
Sewage_Holding_Tank,45,405,-1,nan,1.7,nan
Sewage_Holding_Tank,45,405,0,nan,1.7,nan
Sewage_Holding_Tank,45,405,1,nan,1.7,nan
Sewage_Holding_Tank,45,405,2,nan,1.7,nan
Sewage_Holding_Tank,45,405,nan,P2,nan,0.0
Sewage_Holding_Tank,45,405,nan,P1,nan,0.0
Sewage_Holding_Tank,45,405,nan,S-1,nan,0.0
Sewage_Holding_Tank,45,405,nan,S-2,nan,0.0
Sewage_Holding_Tank,50,400,-6,nan,1.9,nan
Sewage_Holding_Tank,50,400,-4,nan,1.9,nan
Sewage_Holding_Tank,50,400,-3,nan,1.9,nan
Sewage_Holding_Tank,50,400,-2,nan,1.9,nan
Sewage_Holding_Tank,50,400,-1,nan,1.9,nan
Sewage_Holding_Tank,50,400,0,nan,1.9,nan
Sewage_Holding_Tank,50,400,1,nan,1.9,nan
Sewage_Holding_Tank,50,400,2,nan,1.9,nan
Sewage_Holding_Tank,50,400,nan,P2,nan,0.0
Sewage_Holding_Tank,50,400,nan,P1,nan,0.0
Sewage_Holding_Tank,50,400,nan,S-1,nan,0.0
Sewage_Holding_Tank,50,400,nan,S-2,nan,0.0
Sewage_Holding_Tank,55,395,-6,nan,2.05,nan
Sewage_Holding_Tank,55,395,-4,nan,2.05,nan
Sewage_Holding_Tank,55,395,-3,nan,2.05,nan
Sewage_Holding_Tank,55,395,-2,nan,2.05,nan
Sewage_Holding_Tank,55,395,-1,nan,2.05,nan
Sewage_Holding_Tank,55,395,0,nan,2.05,nan
Sewage_Holding_Tank,55,395,1,nan,2.05,nan
Sewage_Holding_Tank,55,395,2,nan,2.05,nan
Sewage_Holding_Tank,55,395,nan,P2,nan,0.0
Sewage_Holding_Tank,55,395,nan,P1,nan,0.0
Sewage_Holding_Tank,55,395,nan,S-1,nan,0.0
Sewage_Holding_Tank,55,395,nan,S-2,nan,0.0
Sewage_Holding_Tank,60,390,-6,nan,2.2,nan
Sewage_Holding_Tank,60,390,-4,nan,2.2,nan
Sewage_Holding_Tank,60,390,-3,nan,2.2,nan
Sewage_Holding_Tank,60,390,-2,nan,2.2,nan
Sewage_Holding_Tank,60,390,-1,nan,2.2,nan
Sewage_Holding_Tank,60,390,0,nan,2.2,nan
Sewage_Holding_Tank,60,390,1,nan,2.2,nan
Sewage_Holding_Tank,60,390,2,nan,2.2,nan
Sewage_Holding_Tank,60,390,nan,P2,nan,0.0
Sewage_Holding_Tank,60,390,nan,P1,nan,0.0
Sewage_Holding_Tank,60,390,nan,S-1,nan,0.0
Sewage_Holding_Tank,60,390,nan,S-2,nan,0.0
Sewage_Holding_Tank,65,385,-6,nan,2.4,nan
Sewage_Holding_Tank,65,385,-4,nan,2.4,nan
Sewage_Holding_Tank,65,385,-3,nan,2.4,nan
Sewage_Holding_Tank,65,385,-2,nan,2.4,nan
Sewage_Holding_Tank,65,385,-1,nan,2.4,nan
Sewage_Holding_Tank,65,385,0,nan,2.4,nan
Sewage_Holding_Tank,65,385,1,nan,2.4,nan
Sewage_Holding_Tank,65,385,2,nan,2.4,nan
Sewage_Holding_Tank,65,385,nan,P2,nan,0.0
Sewage_Holding_Tank,65,385,nan,P1,nan,0.0
Sewage_Holding_Tank,65,385,nan,S-1,nan,0.0
Sewage_Holding_Tank,65,385,nan,S-2,nan,0.0
Sewage_Holding_Tank,70,380,-6,nan,2.6,nan
Sewage_Holding_Tank,70,380,-4,nan,2.6,nan
Sewage_Holding_Tank,70,380,-3,nan,2.6,nan
Sewage_Holding_Tank,70,380,-2,nan,2.6,nan
Sewage_Holding_Tank,70,380,-1,nan,2.6,nan
Sewage_Holding_Tank,70,380,0,nan,2.6,nan
Sewage_Holding_Tank,70,380,1,nan,2.6,nan
Sewage_Holding_Tank,70,380,2,nan,2.6,nan
Sewage_Holding_Tank,70,380,nan,P2,nan,0.0
Sewage_Holding_Tank,70,380,nan,P1,nan,0.0
Sewage_Holding_Tank,70,380,nan,S-1,nan,0.0
Sewage_Holding_Tank,70,380,nan,S-2,nan,0.0
Sewage_Holding_Tank,75,375,-6,nan,2.8,nan
Sewage_Holding_Tank,75,375,-4,nan,2.8,nan
Sewage_Holding_Tank,75,375,-3,nan,2.8,nan
Sewage_Holding_Tank,75,375,-2,nan,2.8,nan
Sewage_Holding_Tank,75,375,-1,nan,2.8,nan
Sewage_Holding_Tank,75,375,0,nan,2.8,nan
Sewage_Holding_Tank,75,375,1,nan,2.8,nan
Sewage_Holding_Tank,75,375,2,nan,2.8,nan
Sewage_Holding_Tank,75,375,nan,P2,nan,0.0
Sewage_Holding_Tank,75,375,nan,P1,nan,0.0
Sewage_Holding_Tank,75,375,nan,S-1,nan,0.0
Sewage_Holding_Tank,75,375,nan,S-2,nan,0.0
Sewage_Holding_Tank,80,370,-6,nan,3.0,nan
Sewage_Holding_Tank,80,370,-4,nan,3.0,nan
Sewage_Holding_Tank,80,370,-3,nan,3.0,nan
Sewage_Holding_Tank,80,370,-2,nan,3.0,nan
Sewage_Holding_Tank,80,370,-1,nan,3.0,nan
Sewage_Holding_Tank,80,370,0,nan,3.0,nan
Sewage_Holding_Tank,80,370,1,nan,3.0,nan
Sewage_Holding_Tank,80,370,2,nan,3.0,nan
Sewage_Holding_Tank,80,370,nan,P2,nan,0.0
Sewage_Holding_Tank,80,370,nan,P1,nan,0.0
Sewage_Holding_Tank,80,370,nan,S-1,nan,0.0
Sewage_Holding_Tank,80,370,nan,S-2,nan,0.0
Sewage_Holding_Tank,85,365,-6,nan,3.15,nan
Sewage_Holding_Tank,85,365,-4,nan,3.15,nan
Sewage_Holding_Tank,85,365,-3,nan,3.15,nan
Sewage_Holding_Tank,85,365,-2,nan,3.15,nan
Sewage_Holding_Tank,85,365,-1,nan,3.15,nan
Sewage_Holding_Tank,85,365,0,nan,3.15,nan
Sewage_Holding_Tank,85,365,1,nan,3.15,nan
Sewage_Holding_Tank,85,365,2,nan,3.15,nan
Sewage_Holding_Tank,85,365,nan,P2,nan,0.0
Sewage_Holding_Tank,85,365,nan,P1,nan,0.0
Sewage_Holding_Tank,85,365,nan,S-1,nan,0.0
Sewage_Holding_Tank,85,365,nan,S-2,nan,0.0
Sewage_Holding_Tank,90,360,-6,nan,3.3,nan
Sewage_Holding_Tank,90,360,-4,nan,3.3,nan
Sewage_Holding_Tank,90,360,-3,nan,3.3,nan
Sewage_Holding_Tank,90,360,-2,nan,3.3,nan
Sewage_Holding_Tank,90,360,-1,nan,3.3,nan
Sewage_Holding_Tank,90,360,0,nan,3.3,nan
Sewage_Holding_Tank,90,360,1,nan,3.3,nan
Sewage_Holding_Tank,90,360,2,nan,3.3,nan
Sewage_Holding_Tank,90,360,nan,P2,nan,0.0
Sewage_Holding_Tank,90,360,nan,P1,nan,0.0
Sewage_Holding_Tank,90,360,nan,S-1,nan,0.0
Sewage_Holding_Tank,90,360,nan,S-2,nan,0.0
Sewage_Holding_Tank,95,355,-6,nan,3.5,nan
Sewage_Holding_Tank,95,355,-4,nan,3.5,nan
Sewage_Holding_Tank,95,355,-3,nan,3.5,nan
Sewage_Holding_Tank,95,355,-2,nan,3.5,nan
Sewage_Holding_Tank,95,355,-1,nan,3.5,nan
Sewage_Holding_Tank,95,355,0,nan,3.5,nan
Sewage_Holding_Tank,95,355,1,nan,3.5,nan
Sewage_Holding_Tank,95,355,2,nan,3.5,nan
Sewage_Holding_Tank,95,355,nan,P2,nan,0.0
Sewage_Holding_Tank,95,355,nan,P1,nan,0.0
Sewage_Holding_Tank,95,355,nan,S-1,nan,0.0
Sewage_Holding_Tank,95,355,nan,S-2,nan,0.0
Sewage_Holding_Tank,100,350,-6,nan,3.7,nan
Sewage_Holding_Tank,100,350,-4,nan,3.7,nan
Sewage_Holding_Tank,100,350,-3,nan,3.7,nan
Sewage_Holding_Tank,100,350,-2,nan,3.7,nan
Sewage_Holding_Tank,100,350,-1,nan,3.7,nan
Sewage_Holding_Tank,100,350,0,nan,3.7,nan
Sewage_Holding_Tank,100,350,1,nan,3.7,nan
Sewage_Holding_Tank,100,350,2,nan,3.7,nan
Sewage_Holding_Tank,100,350,nan,P2,nan,0.0
Sewage_Holding_Tank,100,350,nan,P1,nan,0.0
Sewage_Holding_Tank,100,350,nan,S-1,nan,0.0
Sewage_Holding_Tank,100,350,nan,S-2,nan,0.0
Sewage_Holding_Tank,105,345,-6,nan,3.9,nan
Sewage_Holding_Tank,105,345,-4,nan,3.9,nan
Sewage_Holding_Tank,105,345,-3,nan,3.9,nan
Sewage_Holding_Tank,105,345,-2,nan,3.9,nan
Sewage_Holding_Tank,105,345,-1,nan,3.9,nan
Sewage_Holding_Tank,105,345,0,nan,3.9,nan
Sewage_Holding_Tank,105,345,1,nan,3.9,nan
Sewage_Holding_Tank,105,345,2,nan,3.9,nan
Sewage_Holding_Tank,105,345,nan,P2,nan,0.0
Sewage_Holding_Tank,105,345,nan,P1,nan,0.0
Sewage_Holding_Tank,105,345,nan,S-1,nan,0.0
Sewage_Holding_Tank,105,345,nan,S-2,nan,0.0
Sewage_Holding_Tank,110,340,-6,nan,4.1,nan
Sewage_Holding_Tank,110,340,-4,nan,4.1,nan
Sewage_Holding_Tank,110,340,-3,nan,4.1,nan
Sewage_Holding_Tank,110,340,-2,nan,4.1,nan
Sewage_Holding_Tank,110,340,-1,nan,4.1,nan
Sewage_Holding_Tank,110,340,0,nan,4.1,nan
Sewage_Holding_Tank,110,340,1,nan,4.1,nan
Sewage_Holding_Tank,110,340,2,nan,4.1,nan
Sewage_Holding_Tank,110,340,nan,P2,nan,0.0
Sewage_Holding_Tank,110,340,nan,P1,nan,0.0
Sewage_Holding_Tank,110,340,nan,S-1,nan,0.0
Sewage_Holding_Tank,110,340,nan,S-2,nan,0.0
Sewage_Holding_Tank,115,335,-6,nan,4.25,nan
Sewage_Holding_Tank,115,335,-4,nan,4.25,nan
Sewage_Holding_Tank,115,335,-3,nan,4.25,nan
Sewage_Holding_Tank,115,335,-2,nan,4.25,nan
Sewage_Holding_Tank,115,335,-1,nan,4.25,nan
Sewage_Holding_Tank,115,335,0,nan,4.25,nan
Sewage_Holding_Tank,115,335,1,nan,4.25,nan
Sewage_Holding_Tank,115,335,2,nan,4.25,nan
Sewage_Holding_Tank,115,335,nan,P2,nan,0.0
Sewage_Holding_Tank,115,335,nan,P1,nan,0.0
Sewage_Holding_Tank,115,335,nan,S-1,nan,0.0
Sewage_Holding_Tank,115,335,nan,S-2,nan,0.0
Sewage_Holding_Tank,120,330,-6,nan,4.4,nan
Sewage_Holding_Tank,120,330,-4,nan,4.4,nan
Sewage_Holding_Tank,120,330,-3,nan,4.4,nan
Sewage_Holding_Tank,120,330,-2,nan,4.4,nan
Sewage_Holding_Tank,120,330,-1,nan,4.4,nan
Sewage_Holding_Tank,120,330,0,nan,4.4,nan
Sewage_Holding_Tank,120,330,1,nan,4.4,nan
Sewage_Holding_Tank,120,330,2,nan,4.4,nan
Sewage_Holding_Tank,120,330,nan,P2,nan,0.0
Sewage_Holding_Tank,120,330,nan,P1,nan,0.0
Sewage_Holding_Tank,120,330,nan,S-1,nan,0.0
Sewage_Holding_Tank,120,330,nan,S-2,nan,0.0
Sewage_Holding_Tank,125,325,-6,nan,4.6,nan
Sewage_Holding_Tank,125,325,-4,nan,4.6,nan
Sewage_Holding_Tank,125,325,-3,nan,4.6,nan
Sewage_Holding_Tank,125,325,-2,nan,4.6,nan
Sewage_Holding_Tank,125,325,-1,nan,4.6,nan
Sewage_Holding_Tank,125,325,0,nan,4.6,nan
Sewage_Holding_Tank,125,325,1,nan,4.6,nan
Sewage_Holding_Tank,125,325,2,nan,4.6,nan
Sewage_Holding_Tank,125,325,nan,P2,nan,0.0
Sewage_Holding_Tank,125,325,nan,P1,nan,0.0
Sewage_Holding_Tank,125,325,nan,S-1,nan,0.0
Sewage_Holding_Tank,125,325,nan,S-2,nan,0.0
Sewage_Holding_Tank,130,320,-6,nan,4.8,nan
Sewage_Holding_Tank,130,320,-4,nan,4.8,nan
Sewage_Holding_Tank,130,320,-3,nan,4.8,nan
Sewage_Holding_Tank,130,320,-2,nan,4.8,nan
Sewage_Holding_Tank,130,320,-1,nan,4.8,nan
Sewage_Holding_Tank,130,320,0,nan,4.8,nan
Sewage_Holding_Tank,130,320,1,nan,4.8,nan
Sewage_Holding_Tank,130,320,2,nan,4.8,nan
Sewage_Holding_Tank,130,320,nan,P2,nan,0.0
Sewage_Holding_Tank,130,320,nan,P1,nan,0.0
Sewage_Holding_Tank,130,320,nan,S-1,nan,0.0
Sewage_Holding_Tank,130,320,nan,S-2,nan,0.0
Sewage_Holding_Tank,135,315,-6,nan,5.0,nan
Sewage_Holding_Tank,135,315,-4,nan,5.0,nan
Sewage_Holding_Tank,135,315,-3,nan,5.0,nan
Sewage_Holding_Tank,135,315,-2,nan,5.0,nan
Sewage_Holding_Tank,135,315,-1,nan,5.0,nan
Sewage_Holding_Tank,135,315,0,nan,5.0,nan
Sewage_Holding_Tank,135,315,1,nan,5.0,nan
Sewage_Holding_Tank,135,315,2,nan,5.0,nan
Sewage_Holding_Tank,135,315,nan,P2,nan,0.0
Sewage_Holding_Tank,135,315,nan,P1,nan,0.0
Sewage_Holding_Tank,135,315,nan,S-1,nan,0.0
Sewage_Holding_Tank,135,315,nan,S-2,nan,0.0
Sewage_Holding_Tank,140,310,-6,nan,5.2,nan
Sewage_Holding_Tank,140,310,-4,nan,5.2,nan
Sewage_Holding_Tank,140,310,-3,nan,5.2,nan
Sewage_Holding_Tank,140,310,-2,nan,5.2,nan
Sewage_Holding_Tank,140,310,-1,nan,5.2,nan
Sewage_Holding_Tank,140,310,0,nan,5.2,nan
Sewage_Holding_Tank,140,310,1,nan,5.2,nan
Sewage_Holding_Tank,140,310,2,nan,5.2,nan
Sewage_Holding_Tank,140,310,nan,P2,nan,0.0
Sewage_Holding_Tank,140,310,nan,P1,nan,0.0
Sewage_Holding_Tank,140,310,nan,S-1,nan,0.0
Sewage_Holding_Tank,140,310,nan,S-2,nan,0.0
Sewage_Holding_Tank,145,305,-6,nan,5.4,nan
Sewage_Holding_Tank,145,305,-4,nan,5.4,nan
Sewage_Holding_Tank,145,305,-3,nan,5.4,nan
Sewage_Holding_Tank,145,305,-2,nan,5.4,nan
Sewage_Holding_Tank,145,305,-1,nan,5.4,nan
Sewage_Holding_Tank,145,305,0,nan,5.4,nan
Sewage_Holding_Tank,145,305,1,nan,5.4,nan
Sewage_Holding_Tank,145,305,2,nan,5.4,nan
Sewage_Holding_Tank,145,305,nan,P2,nan,0.0
Sewage_Holding_Tank,145,305,nan,P1,nan,0.0
Sewage_Holding_Tank,145,305,nan,S-1,nan,0.0
Sewage_Holding_Tank,145,305,nan,S-2,nan,0.0
Sewage_Holding_Tank,150,300,-6,nan,5.6,nan
Sewage_Holding_Tank,150,300,-4,nan,5.6,nan
Sewage_Holding_Tank,150,300,-3,nan,5.6,nan
Sewage_Holding_Tank,150,300,-2,nan,5.6,nan
Sewage_Holding_Tank,150,300,-1,nan,5.6,nan
Sewage_Holding_Tank,150,300,0,nan,5.6,nan
Sewage_Holding_Tank,150,300,1,nan,5.6,nan
Sewage_Holding_Tank,150,300,2,nan,5.6,nan
Sewage_Holding_Tank,150,300,nan,P2,nan,0.0
Sewage_Holding_Tank,150,300,nan,P1,nan,0.0
Sewage_Holding_Tank,150,300,nan,S-1,nan,0.0
Sewage_Holding_Tank,150,300,nan,S-2,nan,0.0
Sewage_Holding_Tank,155,295,-6,nan,5.75,nan
Sewage_Holding_Tank,155,295,-4,nan,5.75,nan
Sewage_Holding_Tank,155,295,-3,nan,5.75,nan
Sewage_Holding_Tank,155,295,-2,nan,5.75,nan
Sewage_Holding_Tank,155,295,-1,nan,5.75,nan
Sewage_Holding_Tank,155,295,0,nan,5.75,nan
Sewage_Holding_Tank,155,295,1,nan,5.75,nan
Sewage_Holding_Tank,155,295,2,nan,5.75,nan
Sewage_Holding_Tank,155,295,nan,P2,nan,0.0
Sewage_Holding_Tank,155,295,nan,P1,nan,0.0
Sewage_Holding_Tank,155,295,nan,S-1,nan,0.0
Sewage_Holding_Tank,155,295,nan,S-2,nan,0.0
Sewage_Holding_Tank,160,290,-6,nan,5.9,nan
Sewage_Holding_Tank,160,290,-4,nan,5.9,nan
Sewage_Holding_Tank,160,290,-3,nan,5.9,nan
Sewage_Holding_Tank,160,290,-2,nan,5.9,nan
Sewage_Holding_Tank,160,290,-1,nan,5.9,nan
Sewage_Holding_Tank,160,290,0,nan,5.9,nan
Sewage_Holding_Tank,160,290,1,nan,5.9,nan
Sewage_Holding_Tank,160,290,2,nan,5.9,nan
Sewage_Holding_Tank,160,290,nan,P2,nan,0.0
Sewage_Holding_Tank,160,290,nan,P1,nan,0.0
Sewage_Holding_Tank,160,290,nan,S-1,nan,0.0
Sewage_Holding_Tank,160,290,nan,S-2,nan,0.0
Sewage_Holding_Tank,165,285,-6,nan,6.1,nan
Sewage_Holding_Tank,165,285,-4,nan,6.1,nan
Sewage_Holding_Tank,165,285,-3,nan,6.1,nan
Sewage_Holding_Tank,165,285,-2,nan,6.1,nan
Sewage_Holding_Tank,165,285,-1,nan,6.1,nan
Sewage_Holding_Tank,165,285,0,nan,6.1,nan
Sewage_Holding_Tank,165,285,1,nan,6.1,nan
Sewage_Holding_Tank,165,285,2,nan,6.1,nan
Sewage_Holding_Tank,165,285,nan,P2,nan,0.0
Sewage_Holding_Tank,165,285,nan,P1,nan,0.0
Sewage_Holding_Tank,165,285,nan,S-1,nan,0.0
Sewage_Holding_Tank,165,285,nan,S-2,nan,0.0
Sewage_Holding_Tank,170,280,-6,nan,6.3,nan
Sewage_Holding_Tank,170,280,-4,nan,6.3,nan
Sewage_Holding_Tank,170,280,-3,nan,6.3,nan
Sewage_Holding_Tank,170,280,-2,nan,6.3,nan
Sewage_Holding_Tank,170,280,-1,nan,6.3,nan
Sewage_Holding_Tank,170,280,0,nan,6.3,nan
Sewage_Holding_Tank,170,280,1,nan,6.3,nan
Sewage_Holding_Tank,170,280,2,nan,6.3,nan
Sewage_Holding_Tank,170,280,nan,P2,nan,0.0
Sewage_Holding_Tank,170,280,nan,P1,nan,0.0
Sewage_Holding_Tank,170,280,nan,S-1,nan,0.0
Sewage_Holding_Tank,170,280,nan,S-2,nan,0.0
Sewage_Holding_Tank,175,275,-6,nan,6.5,nan
Sewage_Holding_Tank,175,275,-4,nan,6.5,nan
Sewage_Holding_Tank,175,275,-3,nan,6.5,nan
Sewage_Holding_Tank,175,275,-2,nan,6.5,nan
Sewage_Holding_Tank,175,275,-1,nan,6.5,nan
Sewage_Holding_Tank,175,275,0,nan,6.5,nan
Sewage_Holding_Tank,175,275,1,nan,6.5,nan
Sewage_Holding_Tank,175,275,2,nan,6.5,nan
Sewage_Holding_Tank,175,275,nan,P2,nan,0.0
Sewage_Holding_Tank,175,275,nan,P1,nan,0.0
Sewage_Holding_Tank,175,275,nan,S-1,nan,0.0
Sewage_Holding_Tank,175,275,nan,S-2,nan,0.0
Sewage_Holding_Tank,180,270,-6,nan,6.7,nan
Sewage_Holding_Tank,180,270,-4,nan,6.7,nan
Sewage_Holding_Tank,180,270,-3,nan,6.7,nan
Sewage_Holding_Tank,180,270,-2,nan,6.7,nan
Sewage_Holding_Tank,180,270,-1,nan,6.7,nan
Sewage_Holding_Tank,180,270,0,nan,6.7,nan
Sewage_Holding_Tank,180,270,1,nan,6.7,nan
Sewage_Holding_Tank,180,270,2,nan,6.7,nan
Sewage_Holding_Tank,180,270,nan,P2,nan,0.0
Sewage_Holding_Tank,180,270,nan,P1,nan,0.0
Sewage_Holding_Tank,180,270,nan,S-1,nan,0.0
Sewage_Holding_Tank,180,270,nan,S-2,nan,0.0
Sewage_Holding_Tank,185,265,-6,nan,6.85,nan
Sewage_Holding_Tank,185,265,-4,nan,6.85,nan
Sewage_Holding_Tank,185,265,-3,nan,6.85,nan
Sewage_Holding_Tank,185,265,-2,nan,6.85,nan
Sewage_Holding_Tank,185,265,-1,nan,6.85,nan
Sewage_Holding_Tank,185,265,0,nan,6.85,nan
Sewage_Holding_Tank,185,265,1,nan,6.85,nan
Sewage_Holding_Tank,185,265,2,nan,6.85,nan
Sewage_Holding_Tank,185,265,nan,P2,nan,0.0
Sewage_Holding_Tank,185,265,nan,P1,nan,0.0
Sewage_Holding_Tank,185,265,nan,S-1,nan,0.0
Sewage_Holding_Tank,185,265,nan,S-2,nan,0.0
Sewage_Holding_Tank,190,260,-6,nan,7.0,nan
Sewage_Holding_Tank,190,260,-4,nan,7.0,nan
Sewage_Holding_Tank,190,260,-3,nan,7.0,nan
Sewage_Holding_Tank,190,260,-2,nan,7.0,nan
Sewage_Holding_Tank,190,260,-1,nan,7.0,nan
Sewage_Holding_Tank,190,260,0,nan,7.0,nan
Sewage_Holding_Tank,190,260,1,nan,7.0,nan
Sewage_Holding_Tank,190,260,2,nan,7.0,nan
Sewage_Holding_Tank,190,260,nan,P2,nan,0.0
Sewage_Holding_Tank,190,260,nan,P1,nan,0.0
Sewage_Holding_Tank,190,260,nan,S-1,nan,0.0
Sewage_Holding_Tank,190,260,nan,S-2,nan,0.0
Sewage_Holding_Tank,195,255,-6,nan,7.2,nan
Sewage_Holding_Tank,195,255,-4,nan,7.2,nan
Sewage_Holding_Tank,195,255,-3,nan,7.2,nan
Sewage_Holding_Tank,195,255,-2,nan,7.2,nan
Sewage_Holding_Tank,195,255,-1,nan,7.2,nan
Sewage_Holding_Tank,195,255,0,nan,7.2,nan
Sewage_Holding_Tank,195,255,1,nan,7.2,nan
Sewage_Holding_Tank,195,255,2,nan,7.2,nan
Sewage_Holding_Tank,195,255,nan,P2,nan,0.0
Sewage_Holding_Tank,195,255,nan,P1,nan,0.0
Sewage_Holding_Tank,195,255,nan,S-1,nan,0.0
Sewage_Holding_Tank,195,255,nan,S-2,nan,0.0
Sewage_Holding_Tank,200,250,-6,nan,7.4,nan
Sewage_Holding_Tank,200,250,-4,nan,7.4,nan
Sewage_Holding_Tank,200,250,-3,nan,7.4,nan
Sewage_Holding_Tank,200,250,-2,nan,7.4,nan
Sewage_Holding_Tank,200,250,-1,nan,7.4,nan
Sewage_Holding_Tank,200,250,0,nan,7.4,nan
Sewage_Holding_Tank,200,250,1,nan,7.4,nan
Sewage_Holding_Tank,200,250,2,nan,7.4,nan
Sewage_Holding_Tank,200,250,nan,P2,nan,0.0
Sewage_Holding_Tank,200,250,nan,P1,nan,0.0
Sewage_Holding_Tank,200,250,nan,S-1,nan,0.0
Sewage_Holding_Tank,200,250,nan,S-2,nan,0.0
Sewage_Holding_Tank,205,245,-6,nan,7.6,nan
Sewage_Holding_Tank,205,245,-4,nan,7.6,nan
Sewage_Holding_Tank,205,245,-3,nan,7.6,nan
Sewage_Holding_Tank,205,245,-2,nan,7.6,nan
Sewage_Holding_Tank,205,245,-1,nan,7.6,nan
Sewage_Holding_Tank,205,245,0,nan,7.6,nan
Sewage_Holding_Tank,205,245,1,nan,7.6,nan
Sewage_Holding_Tank,205,245,2,nan,7.6,nan
Sewage_Holding_Tank,205,245,nan,P2,nan,0.0
Sewage_Holding_Tank,205,245,nan,P1,nan,0.0
Sewage_Holding_Tank,205,245,nan,S-1,nan,0.0
Sewage_Holding_Tank,205,245,nan,S-2,nan,0.0
Sewage_Holding_Tank,210,240,-6,nan,7.8,nan
Sewage_Holding_Tank,210,240,-4,nan,7.8,nan
Sewage_Holding_Tank,210,240,-3,nan,7.8,nan
Sewage_Holding_Tank,210,240,-2,nan,7.8,nan
Sewage_Holding_Tank,210,240,-1,nan,7.8,nan
Sewage_Holding_Tank,210,240,0,nan,7.8,nan
Sewage_Holding_Tank,210,240,1,nan,7.8,nan
Sewage_Holding_Tank,210,240,2,nan,7.8,nan
Sewage_Holding_Tank,210,240,nan,P2,nan,0.0
Sewage_Holding_Tank,210,240,nan,P1,nan,0.0
Sewage_Holding_Tank,210,240,nan,S-1,nan,0.0
Sewage_Holding_Tank,210,240,nan,S-2,nan,0.0
Sewage_Holding_Tank,215,235,-6,nan,7.98,nan
Sewage_Holding_Tank,215,235,-4,nan,7.98,nan
Sewage_Holding_Tank,215,235,-3,nan,7.98,nan
Sewage_Holding_Tank,215,235,-2,nan,7.98,nan
Sewage_Holding_Tank,215,235,-1,nan,7.98,nan
Sewage_Holding_Tank,215,235,0,nan,7.98,nan
Sewage_Holding_Tank,215,235,1,nan,7.98,nan
Sewage_Holding_Tank,215,235,2,nan,7.98,nan
Sewage_Holding_Tank,215,235,nan,P2,nan,0.0
Sewage_Holding_Tank,215,235,nan,P1,nan,0.0
Sewage_Holding_Tank,215,235,nan,S-1,nan,0.0
Sewage_Holding_Tank,215,235,nan,S-2,nan,0.0
Sewage_Holding_Tank,220,230,-6,nan,8.16,nan
Sewage_Holding_Tank,220,230,-4,nan,8.16,nan
Sewage_Holding_Tank,220,230,-3,nan,8.16,nan
Sewage_Holding_Tank,220,230,-2,nan,8.16,nan
Sewage_Holding_Tank,220,230,-1,nan,8.16,nan
Sewage_Holding_Tank,220,230,0,nan,8.16,nan
Sewage_Holding_Tank,220,230,1,nan,8.16,nan
Sewage_Holding_Tank,220,230,2,nan,8.16,nan
Sewage_Holding_Tank,220,230,nan,P2,nan,0.0
Sewage_Holding_Tank,220,230,nan,P1,nan,0.0
Sewage_Holding_Tank,220,230,nan,S-1,nan,0.0
Sewage_Holding_Tank,220,230,nan,S-2,nan,0.0
Sewage_Holding_Tank,225,225,-6,nan,8.34,nan
Sewage_Holding_Tank,225,225,-4,nan,8.34,nan
Sewage_Holding_Tank,225,225,-3,nan,8.34,nan
Sewage_Holding_Tank,225,225,-2,nan,8.34,nan
Sewage_Holding_Tank,225,225,-1,nan,8.34,nan
Sewage_Holding_Tank,225,225,0,nan,8.34,nan
Sewage_Holding_Tank,225,225,1,nan,8.34,nan
Sewage_Holding_Tank,225,225,2,nan,8.34,nan
Sewage_Holding_Tank,225,225,nan,P2,nan,0.0
Sewage_Holding_Tank,225,225,nan,P1,nan,0.0
Sewage_Holding_Tank,225,225,nan,S-1,nan,0.0
Sewage_Holding_Tank,225,225,nan,S-2,nan,0.0
Sewage_Holding_Tank,230,220,-6,nan,8.52,nan
Sewage_Holding_Tank,230,220,-4,nan,8.52,nan
Sewage_Holding_Tank,230,220,-3,nan,8.52,nan
Sewage_Holding_Tank,230,220,-2,nan,8.52,nan
Sewage_Holding_Tank,230,220,-1,nan,8.52,nan
Sewage_Holding_Tank,230,220,0,nan,8.52,nan
Sewage_Holding_Tank,230,220,1,nan,8.52,nan
Sewage_Holding_Tank,230,220,2,nan,8.52,nan
Sewage_Holding_Tank,230,220,nan,P2,nan,0.0
Sewage_Holding_Tank,230,220,nan,P1,nan,0.0
Sewage_Holding_Tank,230,220,nan,S-1,nan,0.0
Sewage_Holding_Tank,230,220,nan,S-2,nan,0.0
Sewage_Holding_Tank,235,215,-6,nan,8.71,nan
Sewage_Holding_Tank,235,215,-4,nan,8.71,nan
Sewage_Holding_Tank,235,215,-3,nan,8.71,nan
Sewage_Holding_Tank,235,215,-2,nan,8.71,nan
Sewage_Holding_Tank,235,215,-1,nan,8.71,nan
Sewage_Holding_Tank,235,215,0,nan,8.71,nan
Sewage_Holding_Tank,235,215,1,nan,8.71,nan
Sewage_Holding_Tank,235,215,2,nan,8.71,nan
Sewage_Holding_Tank,235,215,nan,P2,nan,0.0
Sewage_Holding_Tank,235,215,nan,P1,nan,0.0
Sewage_Holding_Tank,235,215,nan,S-1,nan,0.0
Sewage_Holding_Tank,235,215,nan,S-2,nan,0.0
Sewage_Holding_Tank,240,210,-6,nan,8.89,nan
Sewage_Holding_Tank,240,210,-4,nan,8.89,nan
Sewage_Holding_Tank,240,210,-3,nan,8.89,nan
Sewage_Holding_Tank,240,210,-2,nan,8.89,nan
Sewage_Holding_Tank,240,210,-1,nan,8.89,nan
Sewage_Holding_Tank,240,210,0,nan,8.89,nan
Sewage_Holding_Tank,240,210,1,nan,8.89,nan
Sewage_Holding_Tank,240,210,2,nan,8.89,nan
Sewage_Holding_Tank,240,210,nan,P2,nan,0.0
Sewage_Holding_Tank,240,210,nan,P1,nan,0.0
Sewage_Holding_Tank,240,210,nan,S-1,nan,0.0
Sewage_Holding_Tank,240,210,nan,S-2,nan,0.0
Sewage_Holding_Tank,245,205,-6,nan,9.07,nan
Sewage_Holding_Tank,245,205,-4,nan,9.07,nan
Sewage_Holding_Tank,245,205,-3,nan,9.07,nan
Sewage_Holding_Tank,245,205,-2,nan,9.07,nan
Sewage_Holding_Tank,245,205,-1,nan,9.07,nan
Sewage_Holding_Tank,245,205,0,nan,9.07,nan
Sewage_Holding_Tank,245,205,1,nan,9.07,nan
Sewage_Holding_Tank,245,205,2,nan,9.07,nan
Sewage_Holding_Tank,245,205,nan,P2,nan,0.0
Sewage_Holding_Tank,245,205,nan,P1,nan,0.0
Sewage_Holding_Tank,245,205,nan,S-1,nan,0.0
Sewage_Holding_Tank,245,205,nan,S-2,nan,0.0
Sewage_Holding_Tank,250,200,-6,nan,9.25,nan
Sewage_Holding_Tank,250,200,-4,nan,9.25,nan
Sewage_Holding_Tank,250,200,-3,nan,9.25,nan
Sewage_Holding_Tank,250,200,-2,nan,9.25,nan
Sewage_Holding_Tank,250,200,-1,nan,9.25,nan
Sewage_Holding_Tank,250,200,0,nan,9.25,nan
Sewage_Holding_Tank,250,200,1,nan,9.25,nan
Sewage_Holding_Tank,250,200,2,nan,9.25,nan
Sewage_Holding_Tank,250,200,nan,P2,nan,0.0
Sewage_Holding_Tank,250,200,nan,P1,nan,0.0
Sewage_Holding_Tank,250,200,nan,S-1,nan,0.0
Sewage_Holding_Tank,250,200,nan,S-2,nan,0.0
Sewage_Holding_Tank,255,195,-6,nan,9.43,nan
Sewage_Holding_Tank,255,195,-4,nan,9.43,nan
Sewage_Holding_Tank,255,195,-3,nan,9.43,nan
Sewage_Holding_Tank,255,195,-2,nan,9.43,nan
Sewage_Holding_Tank,255,195,-1,nan,9.43,nan
Sewage_Holding_Tank,255,195,0,nan,9.43,nan
Sewage_Holding_Tank,255,195,1,nan,9.43,nan
Sewage_Holding_Tank,255,195,2,nan,9.43,nan
Sewage_Holding_Tank,255,195,nan,P2,nan,0.0
Sewage_Holding_Tank,255,195,nan,P1,nan,0.0
Sewage_Holding_Tank,255,195,nan,S-1,nan,0.0
Sewage_Holding_Tank,255,195,nan,S-2,nan,0.0
Sewage_Holding_Tank,260,190,-6,nan,9.61,nan
Sewage_Holding_Tank,260,190,-4,nan,9.61,nan
Sewage_Holding_Tank,260,190,-3,nan,9.61,nan
Sewage_Holding_Tank,260,190,-2,nan,9.61,nan
Sewage_Holding_Tank,260,190,-1,nan,9.61,nan
Sewage_Holding_Tank,260,190,0,nan,9.61,nan
Sewage_Holding_Tank,260,190,1,nan,9.61,nan
Sewage_Holding_Tank,260,190,2,nan,9.61,nan
Sewage_Holding_Tank,260,190,nan,P2,nan,0.0
Sewage_Holding_Tank,260,190,nan,P1,nan,0.0
Sewage_Holding_Tank,260,190,nan,S-1,nan,0.0
Sewage_Holding_Tank,260,190,nan,S-2,nan,0.0
Sewage_Holding_Tank,265,185,-6,nan,9.79,nan
Sewage_Holding_Tank,265,185,-4,nan,9.79,nan
Sewage_Holding_Tank,265,185,-3,nan,9.79,nan
Sewage_Holding_Tank,265,185,-2,nan,9.79,nan
Sewage_Holding_Tank,265,185,-1,nan,9.79,nan
Sewage_Holding_Tank,265,185,0,nan,9.79,nan
Sewage_Holding_Tank,265,185,1,nan,9.79,nan
Sewage_Holding_Tank,265,185,2,nan,9.79,nan
Sewage_Holding_Tank,265,185,nan,P2,nan,0.0
Sewage_Holding_Tank,265,185,nan,P1,nan,0.0
Sewage_Holding_Tank,265,185,nan,S-1,nan,0.0
Sewage_Holding_Tank,265,185,nan,S-2,nan,0.0
Sewage_Holding_Tank,270,180,-6,nan,9.98,nan
Sewage_Holding_Tank,270,180,-4,nan,9.98,nan
Sewage_Holding_Tank,270,180,-3,nan,9.98,nan
Sewage_Holding_Tank,270,180,-2,nan,9.98,nan
Sewage_Holding_Tank,270,180,-1,nan,9.98,nan
Sewage_Holding_Tank,270,180,0,nan,9.98,nan
Sewage_Holding_Tank,270,180,1,nan,9.98,nan
Sewage_Holding_Tank,270,180,2,nan,9.98,nan
Sewage_Holding_Tank,270,180,nan,P2,nan,0.0
Sewage_Holding_Tank,270,180,nan,P1,nan,0.0
Sewage_Holding_Tank,270,180,nan,S-1,nan,0.0
Sewage_Holding_Tank,270,180,nan,S-2,nan,0.0
Sewage_Holding_Tank,275,175,-6,nan,10.16,nan
Sewage_Holding_Tank,275,175,-4,nan,10.16,nan
Sewage_Holding_Tank,275,175,-3,nan,10.16,nan
Sewage_Holding_Tank,275,175,-2,nan,10.16,nan
Sewage_Holding_Tank,275,175,-1,nan,10.16,nan
Sewage_Holding_Tank,275,175,0,nan,10.16,nan
Sewage_Holding_Tank,275,175,1,nan,10.16,nan
Sewage_Holding_Tank,275,175,2,nan,10.16,nan
Sewage_Holding_Tank,275,175,nan,P2,nan,0.0
Sewage_Holding_Tank,275,175,nan,P1,nan,0.0
Sewage_Holding_Tank,275,175,nan,S-1,nan,0.0
Sewage_Holding_Tank,275,175,nan,S-2,nan,0.0
Sewage_Holding_Tank,280,170,-6,nan,10.34,nan
Sewage_Holding_Tank,280,170,-4,nan,10.34,nan
Sewage_Holding_Tank,280,170,-3,nan,10.34,nan
Sewage_Holding_Tank,280,170,-2,nan,10.34,nan
Sewage_Holding_Tank,280,170,-1,nan,10.34,nan
Sewage_Holding_Tank,280,170,0,nan,10.34,nan
Sewage_Holding_Tank,280,170,1,nan,10.34,nan
Sewage_Holding_Tank,280,170,2,nan,10.34,nan
Sewage_Holding_Tank,280,170,nan,P2,nan,0.0
Sewage_Holding_Tank,280,170,nan,P1,nan,0.0
Sewage_Holding_Tank,280,170,nan,S-1,nan,0.0
Sewage_Holding_Tank,280,170,nan,S-2,nan,0.0
Sewage_Holding_Tank,285,165,-6,nan,10.52,nan
Sewage_Holding_Tank,285,165,-4,nan,10.52,nan
Sewage_Holding_Tank,285,165,-3,nan,10.52,nan
Sewage_Holding_Tank,285,165,-2,nan,10.52,nan
Sewage_Holding_Tank,285,165,-1,nan,10.52,nan
Sewage_Holding_Tank,285,165,0,nan,10.52,nan
Sewage_Holding_Tank,285,165,1,nan,10.52,nan
Sewage_Holding_Tank,285,165,2,nan,10.52,nan
Sewage_Holding_Tank,285,165,nan,P2,nan,0.0
Sewage_Holding_Tank,285,165,nan,P1,nan,0.0
Sewage_Holding_Tank,285,165,nan,S-1,nan,0.0
Sewage_Holding_Tank,285,165,nan,S-2,nan,0.0
Sewage_Holding_Tank,290,160,-6,nan,10.7,nan
Sewage_Holding_Tank,290,160,-4,nan,10.7,nan
Sewage_Holding_Tank,290,160,-3,nan,10.7,nan
Sewage_Holding_Tank,290,160,-2,nan,10.7,nan
Sewage_Holding_Tank,290,160,-1,nan,10.7,nan
Sewage_Holding_Tank,290,160,0,nan,10.7,nan
Sewage_Holding_Tank,290,160,1,nan,10.7,nan
Sewage_Holding_Tank,290,160,2,nan,10.7,nan
Sewage_Holding_Tank,290,160,nan,P2,nan,0.0
Sewage_Holding_Tank,290,160,nan,P1,nan,0.0
Sewage_Holding_Tank,290,160,nan,S-1,nan,0.0
Sewage_Holding_Tank,290,160,nan,S-2,nan,0.0
Sewage_Holding_Tank,295,155,-6,nan,10.9,nan
Sewage_Holding_Tank,295,155,-4,nan,10.9,nan
Sewage_Holding_Tank,295,155,-3,nan,10.9,nan
Sewage_Holding_Tank,295,155,-2,nan,10.9,nan
Sewage_Holding_Tank,295,155,-1,nan,10.9,nan
Sewage_Holding_Tank,295,155,0,nan,10.9,nan
Sewage_Holding_Tank,295,155,1,nan,10.9,nan
Sewage_Holding_Tank,295,155,2,nan,10.9,nan
Sewage_Holding_Tank,295,155,nan,P2,nan,0.0
Sewage_Holding_Tank,295,155,nan,P1,nan,0.0
Sewage_Holding_Tank,295,155,nan,S-1,nan,0.0
Sewage_Holding_Tank,295,155,nan,S-2,nan,0.0
Sewage_Holding_Tank,300,150,-6,nan,11.1,nan
Sewage_Holding_Tank,300,150,-4,nan,11.1,nan
Sewage_Holding_Tank,300,150,-3,nan,11.1,nan
Sewage_Holding_Tank,300,150,-2,nan,11.1,nan
Sewage_Holding_Tank,300,150,-1,nan,11.1,nan
Sewage_Holding_Tank,300,150,0,nan,11.1,nan
Sewage_Holding_Tank,300,150,1,nan,11.1,nan
Sewage_Holding_Tank,300,150,2,nan,11.1,nan
Sewage_Holding_Tank,300,150,nan,P2,nan,0.0
Sewage_Holding_Tank,300,150,nan,P1,nan,0.0
Sewage_Holding_Tank,300,150,nan,S-1,nan,0.0
Sewage_Holding_Tank,300,150,nan,S-2,nan,0.0
Sewage_Holding_Tank,305,145,-6,nan,11.3,nan
Sewage_Holding_Tank,305,145,-4,nan,11.3,nan
Sewage_Holding_Tank,305,145,-3,nan,11.3,nan
Sewage_Holding_Tank,305,145,-2,nan,11.3,nan
Sewage_Holding_Tank,305,145,-1,nan,11.3,nan
Sewage_Holding_Tank,305,145,0,nan,11.3,nan
Sewage_Holding_Tank,305,145,1,nan,11.3,nan
Sewage_Holding_Tank,305,145,2,nan,11.3,nan
Sewage_Holding_Tank,305,145,nan,P2,nan,0.0
Sewage_Holding_Tank,305,145,nan,P1,nan,0.0
Sewage_Holding_Tank,305,145,nan,S-1,nan,0.0
Sewage_Holding_Tank,305,145,nan,S-2,nan,0.0
Sewage_Holding_Tank,310,140,-6,nan,11.5,nan
Sewage_Holding_Tank,310,140,-4,nan,11.5,nan
Sewage_Holding_Tank,310,140,-3,nan,11.5,nan
Sewage_Holding_Tank,310,140,-2,nan,11.5,nan
Sewage_Holding_Tank,310,140,-1,nan,11.5,nan
Sewage_Holding_Tank,310,140,0,nan,11.5,nan
Sewage_Holding_Tank,310,140,1,nan,11.5,nan
Sewage_Holding_Tank,310,140,2,nan,11.5,nan
Sewage_Holding_Tank,310,140,nan,P2,nan,0.0
Sewage_Holding_Tank,310,140,nan,P1,nan,0.0
Sewage_Holding_Tank,310,140,nan,S-1,nan,0.0
Sewage_Holding_Tank,310,140,nan,S-2,nan,0.0
Sewage_Holding_Tank,315,135,-6,nan,11.7,nan
Sewage_Holding_Tank,315,135,-4,nan,11.7,nan
Sewage_Holding_Tank,315,135,-3,nan,11.7,nan
Sewage_Holding_Tank,315,135,-2,nan,11.7,nan
Sewage_Holding_Tank,315,135,-1,nan,11.7,nan
Sewage_Holding_Tank,315,135,0,nan,11.7,nan
Sewage_Holding_Tank,315,135,1,nan,11.7,nan
Sewage_Holding_Tank,315,135,2,nan,11.7,nan
Sewage_Holding_Tank,315,135,nan,P2,nan,0.0
Sewage_Holding_Tank,315,135,nan,P1,nan,0.0
Sewage_Holding_Tank,315,135,nan,S-1,nan,0.0
Sewage_Holding_Tank,315,135,nan,S-2,nan,0.0
Sewage_Holding_Tank,320,130,-6,nan,11.9,nan
Sewage_Holding_Tank,320,130,-4,nan,11.9,nan
Sewage_Holding_Tank,320,130,-3,nan,11.9,nan
Sewage_Holding_Tank,320,130,-2,nan,11.9,nan
Sewage_Holding_Tank,320,130,-1,nan,11.9,nan
Sewage_Holding_Tank,320,130,0,nan,11.9,nan
Sewage_Holding_Tank,320,130,1,nan,11.9,nan
Sewage_Holding_Tank,320,130,2,nan,11.9,nan
Sewage_Holding_Tank,320,130,nan,P2,nan,0.0
Sewage_Holding_Tank,320,130,nan,P1,nan,0.0
Sewage_Holding_Tank,320,130,nan,S-1,nan,0.0
Sewage_Holding_Tank,320,130,nan,S-2,nan,0.0
Sewage_Holding_Tank,325,125,-6,nan,12.05,nan
Sewage_Holding_Tank,325,125,-4,nan,12.05,nan
Sewage_Holding_Tank,325,125,-3,nan,12.05,nan
Sewage_Holding_Tank,325,125,-2,nan,12.05,nan
Sewage_Holding_Tank,325,125,-1,nan,12.05,nan
Sewage_Holding_Tank,325,125,0,nan,12.05,nan
Sewage_Holding_Tank,325,125,1,nan,12.05,nan
Sewage_Holding_Tank,325,125,2,nan,12.05,nan
Sewage_Holding_Tank,325,125,nan,P2,nan,0.0
Sewage_Holding_Tank,325,125,nan,P1,nan,0.0
Sewage_Holding_Tank,325,125,nan,S-1,nan,0.0
Sewage_Holding_Tank,325,125,nan,S-2,nan,0.0
Sewage_Holding_Tank,330,120,-6,nan,12.2,nan
Sewage_Holding_Tank,330,120,-4,nan,12.2,nan
Sewage_Holding_Tank,330,120,-3,nan,12.2,nan
Sewage_Holding_Tank,330,120,-2,nan,12.2,nan
Sewage_Holding_Tank,330,120,-1,nan,12.2,nan
Sewage_Holding_Tank,330,120,0,nan,12.2,nan
Sewage_Holding_Tank,330,120,1,nan,12.2,nan
Sewage_Holding_Tank,330,120,2,nan,12.2,nan
Sewage_Holding_Tank,330,120,nan,P2,nan,0.0
Sewage_Holding_Tank,330,120,nan,P1,nan,0.0
Sewage_Holding_Tank,330,120,nan,S-1,nan,0.0
Sewage_Holding_Tank,330,120,nan,S-2,nan,0.0
Sewage_Holding_Tank,335,115,-6,nan,12.4,nan
Sewage_Holding_Tank,335,115,-4,nan,12.4,nan
Sewage_Holding_Tank,335,115,-3,nan,12.4,nan
Sewage_Holding_Tank,335,115,-2,nan,12.4,nan
Sewage_Holding_Tank,335,115,-1,nan,12.4,nan
Sewage_Holding_Tank,335,115,0,nan,12.4,nan
Sewage_Holding_Tank,335,115,1,nan,12.4,nan
Sewage_Holding_Tank,335,115,2,nan,12.4,nan
Sewage_Holding_Tank,335,115,nan,P2,nan,0.0
Sewage_Holding_Tank,335,115,nan,P1,nan,0.0
Sewage_Holding_Tank,335,115,nan,S-1,nan,0.0
Sewage_Holding_Tank,335,115,nan,S-2,nan,0.0
Sewage_Holding_Tank,340,110,-6,nan,12.6,nan
Sewage_Holding_Tank,340,110,-4,nan,12.6,nan
Sewage_Holding_Tank,340,110,-3,nan,12.6,nan
Sewage_Holding_Tank,340,110,-2,nan,12.6,nan
Sewage_Holding_Tank,340,110,-1,nan,12.6,nan
Sewage_Holding_Tank,340,110,0,nan,12.6,nan
Sewage_Holding_Tank,340,110,1,nan,12.6,nan
Sewage_Holding_Tank,340,110,2,nan,12.6,nan
Sewage_Holding_Tank,340,110,nan,P2,nan,0.0
Sewage_Holding_Tank,340,110,nan,P1,nan,0.0
Sewage_Holding_Tank,340,110,nan,S-1,nan,0.0
Sewage_Holding_Tank,340,110,nan,S-2,nan,0.0
Sewage_Holding_Tank,345,105,-6,nan,12.8,nan
Sewage_Holding_Tank,345,105,-4,nan,12.8,nan
Sewage_Holding_Tank,345,105,-3,nan,12.8,nan
Sewage_Holding_Tank,345,105,-2,nan,12.8,nan
Sewage_Holding_Tank,345,105,-1,nan,12.8,nan
Sewage_Holding_Tank,345,105,0,nan,12.8,nan
Sewage_Holding_Tank,345,105,1,nan,12.8,nan
Sewage_Holding_Tank,345,105,2,nan,12.8,nan
Sewage_Holding_Tank,345,105,nan,P2,nan,0.0
Sewage_Holding_Tank,345,105,nan,P1,nan,0.0
Sewage_Holding_Tank,345,105,nan,S-1,nan,0.0
Sewage_Holding_Tank,345,105,nan,S-2,nan,0.0
Sewage_Holding_Tank,350,100,-6,nan,13.0,nan
Sewage_Holding_Tank,350,100,-4,nan,13.0,nan
Sewage_Holding_Tank,350,100,-3,nan,13.0,nan
Sewage_Holding_Tank,350,100,-2,nan,13.0,nan
Sewage_Holding_Tank,350,100,-1,nan,13.0,nan
Sewage_Holding_Tank,350,100,0,nan,13.0,nan
Sewage_Holding_Tank,350,100,1,nan,13.0,nan
Sewage_Holding_Tank,350,100,2,nan,13.0,nan
Sewage_Holding_Tank,350,100,nan,P2,nan,0.0
Sewage_Holding_Tank,350,100,nan,P1,nan,0.0
Sewage_Holding_Tank,350,100,nan,S-1,nan,0.0
Sewage_Holding_Tank,350,100,nan,S-2,nan,0.0
Sewage_Holding_Tank,355,95,-6,nan,13.15,nan
Sewage_Holding_Tank,355,95,-4,nan,13.15,nan
Sewage_Holding_Tank,355,95,-3,nan,13.15,nan
Sewage_Holding_Tank,355,95,-2,nan,13.15,nan
Sewage_Holding_Tank,355,95,-1,nan,13.15,nan
Sewage_Holding_Tank,355,95,0,nan,13.15,nan
Sewage_Holding_Tank,355,95,1,nan,13.15,nan
Sewage_Holding_Tank,355,95,2,nan,13.15,nan
Sewage_Holding_Tank,355,95,nan,P2,nan,0.0
Sewage_Holding_Tank,355,95,nan,P1,nan,0.0
Sewage_Holding_Tank,355,95,nan,S-1,nan,0.0
Sewage_Holding_Tank,355,95,nan,S-2,nan,0.0
Sewage_Holding_Tank,360,90,-6,nan,13.3,nan
Sewage_Holding_Tank,360,90,-4,nan,13.3,nan
Sewage_Holding_Tank,360,90,-3,nan,13.3,nan
Sewage_Holding_Tank,360,90,-2,nan,13.3,nan
Sewage_Holding_Tank,360,90,-1,nan,13.3,nan
Sewage_Holding_Tank,360,90,0,nan,13.3,nan
Sewage_Holding_Tank,360,90,1,nan,13.3,nan
Sewage_Holding_Tank,360,90,2,nan,13.3,nan
Sewage_Holding_Tank,360,90,nan,P2,nan,0.0
Sewage_Holding_Tank,360,90,nan,P1,nan,0.0
Sewage_Holding_Tank,360,90,nan,S-1,nan,0.0
Sewage_Holding_Tank,360,90,nan,S-2,nan,0.0
Sewage_Holding_Tank,365,85,-6,nan,13.5,nan
Sewage_Holding_Tank,365,85,-4,nan,13.5,nan
Sewage_Holding_Tank,365,85,-3,nan,13.5,nan
Sewage_Holding_Tank,365,85,-2,nan,13.5,nan
Sewage_Holding_Tank,365,85,-1,nan,13.5,nan
Sewage_Holding_Tank,365,85,0,nan,13.5,nan
Sewage_Holding_Tank,365,85,1,nan,13.5,nan
Sewage_Holding_Tank,365,85,2,nan,13.5,nan
Sewage_Holding_Tank,365,85,nan,P2,nan,0.0
Sewage_Holding_Tank,365,85,nan,P1,nan,0.0
Sewage_Holding_Tank,365,85,nan,S-1,nan,0.0
Sewage_Holding_Tank,365,85,nan,S-2,nan,0.0
Sewage_Holding_Tank,370,80,-6,nan,13.7,nan
Sewage_Holding_Tank,370,80,-4,nan,13.7,nan
Sewage_Holding_Tank,370,80,-3,nan,13.7,nan
Sewage_Holding_Tank,370,80,-2,nan,13.7,nan
Sewage_Holding_Tank,370,80,-1,nan,13.7,nan
Sewage_Holding_Tank,370,80,0,nan,13.7,nan
Sewage_Holding_Tank,370,80,1,nan,13.7,nan
Sewage_Holding_Tank,370,80,2,nan,13.7,nan
Sewage_Holding_Tank,370,80,nan,P2,nan,0.0
Sewage_Holding_Tank,370,80,nan,P1,nan,0.0
Sewage_Holding_Tank,370,80,nan,S-1,nan,0.0
Sewage_Holding_Tank,370,80,nan,S-2,nan,0.0
Sewage_Holding_Tank,375,75,-6,nan,13.9,nan
Sewage_Holding_Tank,375,75,-4,nan,13.9,nan
Sewage_Holding_Tank,375,75,-3,nan,13.9,nan
Sewage_Holding_Tank,375,75,-2,nan,13.9,nan
Sewage_Holding_Tank,375,75,-1,nan,13.9,nan
Sewage_Holding_Tank,375,75,0,nan,13.9,nan
Sewage_Holding_Tank,375,75,1,nan,13.9,nan
Sewage_Holding_Tank,375,75,2,nan,13.9,nan
Sewage_Holding_Tank,375,75,nan,P2,nan,0.0
Sewage_Holding_Tank,375,75,nan,P1,nan,0.0
Sewage_Holding_Tank,375,75,nan,S-1,nan,0.0
Sewage_Holding_Tank,375,75,nan,S-2,nan,0.0
Sewage_Holding_Tank,380,70,-6,nan,14.1,nan
Sewage_Holding_Tank,380,70,-4,nan,14.1,nan
Sewage_Holding_Tank,380,70,-3,nan,14.1,nan
Sewage_Holding_Tank,380,70,-2,nan,14.1,nan
Sewage_Holding_Tank,380,70,-1,nan,14.1,nan
Sewage_Holding_Tank,380,70,0,nan,14.1,nan
Sewage_Holding_Tank,380,70,1,nan,14.1,nan
Sewage_Holding_Tank,380,70,2,nan,14.1,nan
Sewage_Holding_Tank,380,70,nan,P2,nan,0.0
Sewage_Holding_Tank,380,70,nan,P1,nan,0.0
Sewage_Holding_Tank,380,70,nan,S-1,nan,0.0
Sewage_Holding_Tank,380,70,nan,S-2,nan,0.0
Sewage_Holding_Tank,385,65,-6,nan,14.25,nan
Sewage_Holding_Tank,385,65,-4,nan,14.25,nan
Sewage_Holding_Tank,385,65,-3,nan,14.25,nan
Sewage_Holding_Tank,385,65,-2,nan,14.25,nan
Sewage_Holding_Tank,385,65,-1,nan,14.25,nan
Sewage_Holding_Tank,385,65,0,nan,14.25,nan
Sewage_Holding_Tank,385,65,1,nan,14.25,nan
Sewage_Holding_Tank,385,65,2,nan,14.25,nan
Sewage_Holding_Tank,385,65,nan,P2,nan,0.0
Sewage_Holding_Tank,385,65,nan,P1,nan,0.0
Sewage_Holding_Tank,385,65,nan,S-1,nan,0.0
Sewage_Holding_Tank,385,65,nan,S-2,nan,0.0
Sewage_Holding_Tank,390,60,-6,nan,14.4,nan
Sewage_Holding_Tank,390,60,-4,nan,14.4,nan
Sewage_Holding_Tank,390,60,-3,nan,14.4,nan
Sewage_Holding_Tank,390,60,-2,nan,14.4,nan
Sewage_Holding_Tank,390,60,-1,nan,14.4,nan
Sewage_Holding_Tank,390,60,0,nan,14.4,nan
Sewage_Holding_Tank,390,60,1,nan,14.4,nan
Sewage_Holding_Tank,390,60,2,nan,14.4,nan
Sewage_Holding_Tank,390,60,nan,P2,nan,0.0
Sewage_Holding_Tank,390,60,nan,P1,nan,0.0
Sewage_Holding_Tank,390,60,nan,S-1,nan,0.0
Sewage_Holding_Tank,390,60,nan,S-2,nan,0.0
Sewage_Holding_Tank,395,55,-6,nan,14.6,nan
Sewage_Holding_Tank,395,55,-4,nan,14.6,nan
Sewage_Holding_Tank,395,55,-3,nan,14.6,nan
Sewage_Holding_Tank,395,55,-2,nan,14.6,nan
Sewage_Holding_Tank,395,55,-1,nan,14.6,nan
Sewage_Holding_Tank,395,55,0,nan,14.6,nan
Sewage_Holding_Tank,395,55,1,nan,14.6,nan
Sewage_Holding_Tank,395,55,2,nan,14.6,nan
Sewage_Holding_Tank,395,55,nan,P2,nan,0.0
Sewage_Holding_Tank,395,55,nan,P1,nan,0.0
Sewage_Holding_Tank,395,55,nan,S-1,nan,0.0
Sewage_Holding_Tank,395,55,nan,S-2,nan,0.0
Sewage_Holding_Tank,400,50,-6,nan,14.8,nan
Sewage_Holding_Tank,400,50,-4,nan,14.8,nan
Sewage_Holding_Tank,400,50,-3,nan,14.8,nan
Sewage_Holding_Tank,400,50,-2,nan,14.8,nan
Sewage_Holding_Tank,400,50,-1,nan,14.8,nan
Sewage_Holding_Tank,400,50,0,nan,14.8,nan
Sewage_Holding_Tank,400,50,1,nan,14.8,nan
Sewage_Holding_Tank,400,50,2,nan,14.8,nan
Sewage_Holding_Tank,400,50,nan,P2,nan,0.0
Sewage_Holding_Tank,400,50,nan,P1,nan,0.0
Sewage_Holding_Tank,400,50,nan,S-1,nan,0.0
Sewage_Holding_Tank,400,50,nan,S-2,nan,0.0
Sewage_Holding_Tank,405,45,-6,nan,15.0,nan
Sewage_Holding_Tank,405,45,-4,nan,15.0,nan
Sewage_Holding_Tank,405,45,-3,nan,15.0,nan
Sewage_Holding_Tank,405,45,-2,nan,15.0,nan
Sewage_Holding_Tank,405,45,-1,nan,15.0,nan
Sewage_Holding_Tank,405,45,0,nan,15.0,nan
Sewage_Holding_Tank,405,45,1,nan,15.0,nan
Sewage_Holding_Tank,405,45,2,nan,15.0,nan
Sewage_Holding_Tank,405,45,nan,P2,nan,0.0
Sewage_Holding_Tank,405,45,nan,P1,nan,0.0
Sewage_Holding_Tank,405,45,nan,S-1,nan,0.0
Sewage_Holding_Tank,405,45,nan,S-2,nan,0.0
Sewage_Holding_Tank,410,40,-6,nan,15.2,nan
Sewage_Holding_Tank,410,40,-4,nan,15.2,nan
Sewage_Holding_Tank,410,40,-3,nan,15.2,nan
Sewage_Holding_Tank,410,40,-2,nan,15.2,nan
Sewage_Holding_Tank,410,40,-1,nan,15.2,nan
Sewage_Holding_Tank,410,40,0,nan,15.2,nan
Sewage_Holding_Tank,410,40,1,nan,15.2,nan
Sewage_Holding_Tank,410,40,2,nan,15.2,nan
Sewage_Holding_Tank,410,40,nan,P2,nan,0.0
Sewage_Holding_Tank,410,40,nan,P1,nan,0.0
Sewage_Holding_Tank,410,40,nan,S-1,nan,0.0
Sewage_Holding_Tank,410,40,nan,S-2,nan,0.0
Sewage_Holding_Tank,415,35,-6,nan,15.4,nan
Sewage_Holding_Tank,415,35,-4,nan,15.4,nan
Sewage_Holding_Tank,415,35,-3,nan,15.4,nan
Sewage_Holding_Tank,415,35,-2,nan,15.4,nan
Sewage_Holding_Tank,415,35,-1,nan,15.4,nan
Sewage_Holding_Tank,415,35,0,nan,15.4,nan
Sewage_Holding_Tank,415,35,1,nan,15.4,nan
Sewage_Holding_Tank,415,35,2,nan,15.4,nan
Sewage_Holding_Tank,415,35,nan,P2,nan,0.0
Sewage_Holding_Tank,415,35,nan,P1,nan,0.0
Sewage_Holding_Tank,415,35,nan,S-1,nan,0.0
Sewage_Holding_Tank,415,35,nan,S-2,nan,0.0
Sewage_Holding_Tank,420,30,-6,nan,15.6,nan
Sewage_Holding_Tank,420,30,-4,nan,15.6,nan
Sewage_Holding_Tank,420,30,-3,nan,15.6,nan
Sewage_Holding_Tank,420,30,-2,nan,15.6,nan
Sewage_Holding_Tank,420,30,-1,nan,15.6,nan
Sewage_Holding_Tank,420,30,0,nan,15.6,nan
Sewage_Holding_Tank,420,30,1,nan,15.6,nan
Sewage_Holding_Tank,420,30,2,nan,15.6,nan
Sewage_Holding_Tank,420,30,nan,P2,nan,0.0
Sewage_Holding_Tank,420,30,nan,P1,nan,0.0
Sewage_Holding_Tank,420,30,nan,S-1,nan,0.0
Sewage_Holding_Tank,420,30,nan,S-2,nan,0.0
Sewage_Holding_Tank,425,25,-6,nan,15.75,nan
Sewage_Holding_Tank,425,25,-4,nan,15.75,nan
Sewage_Holding_Tank,425,25,-3,nan,15.75,nan
Sewage_Holding_Tank,425,25,-2,nan,15.75,nan
Sewage_Holding_Tank,425,25,-1,nan,15.75,nan
Sewage_Holding_Tank,425,25,0,nan,15.75,nan
Sewage_Holding_Tank,425,25,1,nan,15.75,nan
Sewage_Holding_Tank,425,25,2,nan,15.75,nan
Sewage_Holding_Tank,425,25,nan,P2,nan,0.0
Sewage_Holding_Tank,425,25,nan,P1,nan,0.0
Sewage_Holding_Tank,425,25,nan,S-1,nan,0.0
Sewage_Holding_Tank,425,25,nan,S-2,nan,0.0
Sewage_Holding_Tank,430,20,-6,nan,15.9,nan
Sewage_Holding_Tank,430,20,-4,nan,15.9,nan
Sewage_Holding_Tank,430,20,-3,nan,15.9,nan
Sewage_Holding_Tank,430,20,-2,nan,15.9,nan
Sewage_Holding_Tank,430,20,-1,nan,15.9,nan
Sewage_Holding_Tank,430,20,0,nan,15.9,nan
Sewage_Holding_Tank,430,20,1,nan,15.9,nan
Sewage_Holding_Tank,430,20,2,nan,15.9,nan
Sewage_Holding_Tank,430,20,nan,P2,nan,0.0
Sewage_Holding_Tank,430,20,nan,P1,nan,0.0
Sewage_Holding_Tank,430,20,nan,S-1,nan,0.0
Sewage_Holding_Tank,430,20,nan,S-2,nan,0.0
Sewage_Holding_Tank,435,15,-6,nan,16.1,nan
Sewage_Holding_Tank,435,15,-4,nan,16.1,nan
Sewage_Holding_Tank,435,15,-3,nan,16.1,nan
Sewage_Holding_Tank,435,15,-2,nan,16.1,nan
Sewage_Holding_Tank,435,15,-1,nan,16.1,nan
Sewage_Holding_Tank,435,15,0,nan,16.1,nan
Sewage_Holding_Tank,435,15,1,nan,16.1,nan
Sewage_Holding_Tank,435,15,2,nan,16.1,nan
Sewage_Holding_Tank,435,15,nan,P2,nan,0.0
Sewage_Holding_Tank,435,15,nan,P1,nan,0.0
Sewage_Holding_Tank,435,15,nan,S-1,nan,0.0
Sewage_Holding_Tank,435,15,nan,S-2,nan,0.0
Sewage_Holding_Tank,440,10,-6,nan,16.3,nan
Sewage_Holding_Tank,440,10,-4,nan,16.3,nan
Sewage_Holding_Tank,440,10,-3,nan,16.3,nan
Sewage_Holding_Tank,440,10,-2,nan,16.3,nan
Sewage_Holding_Tank,440,10,-1,nan,16.3,nan
Sewage_Holding_Tank,440,10,0,nan,16.3,nan
Sewage_Holding_Tank,440,10,1,nan,16.3,nan
Sewage_Holding_Tank,440,10,2,nan,16.3,nan
Sewage_Holding_Tank,440,10,nan,P2,nan,0.0
Sewage_Holding_Tank,440,10,nan,P1,nan,0.0
Sewage_Holding_Tank,440,10,nan,S-1,nan,0.0
Sewage_Holding_Tank,440,10,nan,S-2,nan,0.0
Sewage_Holding_Tank,445,5,-6,nan,16.5,nan
Sewage_Holding_Tank,445,5,-4,nan,16.5,nan
Sewage_Holding_Tank,445,5,-3,nan,16.5,nan
Sewage_Holding_Tank,445,5,-2,nan,16.5,nan
Sewage_Holding_Tank,445,5,-1,nan,16.5,nan
Sewage_Holding_Tank,445,5,0,nan,16.5,nan
Sewage_Holding_Tank,445,5,1,nan,16.5,nan
Sewage_Holding_Tank,445,5,2,nan,16.5,nan
Sewage_Holding_Tank,445,5,nan,P2,nan,0.0
Sewage_Holding_Tank,445,5,nan,P1,nan,0.0
Sewage_Holding_Tank,445,5,nan,S-1,nan,0.0
Sewage_Holding_Tank,445,5,nan,S-2,nan,0.0
Sewage_Holding_Tank,450,0,-6,nan,16.7,nan
Sewage_Holding_Tank,450,0,-4,nan,16.7,nan
Sewage_Holding_Tank,450,0,-3,nan,16.7,nan
Sewage_Holding_Tank,450,0,-2,nan,16.7,nan
Sewage_Holding_Tank,450,0,-1,nan,16.7,nan
Sewage_Holding_Tank,450,0,0,nan,16.7,nan
Sewage_Holding_Tank,450,0,1,nan,16.7,nan
Sewage_Holding_Tank,450,0,2,nan,16.7,nan
Sewage_Holding_Tank,450,0,nan,P2,nan,0.0
Sewage_Holding_Tank,450,0,nan,P1,nan,0.0
Sewage_Holding_Tank,450,0,nan,S-1,nan,0.0
Sewage_Holding_Tank,450,0,nan,S-2,nan,0.0
